dept_id,dept_name,campus,faculty_id,faculty_name,salary_total,avg_salary,avg_salary_m,avg_salary_f,avg_salary_unknown_gender,expenses_total,avg_expenses,avg_emp_rating,num_ratings,num_employees,female_count,male_count,no_gender_count
7,"Computer Science",van,4,"Faculty of Science",9819466,148779.7879,155154.5227,135673.0000,136459.1000,419446,6355.2424,12.8333,37,66,12,44,10
20,"Physics & Astronomy",van,4,"Faculty of Science",9645709,141848.6618,144374.6327,146566.5000,122854.1111,484447,7124.2206,5.4545,13,68,10,49,9
67,"School of Population & Public Health",van,5,"Faculty of Medicine",9499323,158322.0500,174192.1429,141104.3043,152949.3333,362993,6049.8833,3.0000,2,60,23,28,9
115,Paediatrics,van,5,"Faculty of Medicine",9362177,161416.8448,192031.0400,132137.2273,150398.3636,335106,5777.6897,NULL,0,58,22,25,11
15,Mathematics,van,4,"Faculty of Science",9112244,138064.3030,150209.6667,127158.3750,122155.8636,286680,4343.6364,12.2857,19,66,8,36,22
1,"Electrical & Computer Engineering",van,3,"Faculty of Applied Science",8619894,156725.3455,155713.5122,153625.6667,161342.0909,536883,9761.5091,4.7500,14,55,3,41,11
45,Pathology,van,5,"Faculty of Medicine",8239696,191620.8372,227787.1429,168356.4444,149304.4615,276274,6424.9767,5.0000,2,43,9,21,13
43,"Earth And Ocean Sciences",van,4,"Faculty of Science",8045326,127703.5873,130064.5122,109242.8571,147910.1250,443907,7046.1429,4.1667,6,63,14,41,8
13,Chemistry,van,4,"Faculty of Science",7975853,132930.8833,145469.6667,116206.6667,112038.7500,318787,5313.1167,6.5333,22,60,12,36,12
18,Economics,van,7,"Faculty of Arts",7924222,158484.4400,170514.3548,121462.1667,168675.8571,215630,4312.6000,13.2000,49,50,12,31,7
33,"Fac.Of Pharmaceutical Sciences",van,NULL,NULL,7418040,130141.0526,138788.7500,121536.0500,122359.3333,207885,3647.1053,4.0000,2,57,20,28,9
40,English,van,7,"Faculty of Arts",7003823,122874.0877,118173.9600,120522.2083,144617.6250,227816,3996.7719,5.1250,9,57,24,25,8
51,Psychiatry,van,5,"Faculty of Medicine",6908063,168489.3415,196246.1000,148234.0833,133814.6667,304445,7425.4878,NULL,0,41,12,20,9
9,"Medical Genetics",van,5,"Faculty of Medicine",6623199,169825.6154,172542.1500,170043.3077,160298.8333,158246,4057.5897,5.0000,1,39,13,20,6
21,"Development Office",van,NULL,NULL,6533822,112652.1034,107105.6364,113161.0000,118460.0000,335179,5778.9483,5.0000,1,58,40,11,7
35,Psychology,van,7,"Faculty of Arts",6452115,140263.3696,148032.5909,134610.9444,128733.5000,240422,5226.5652,8.4000,9,46,18,22,6
71,Surgery,van,5,"Faculty of Medicine",6088699,121773.9800,128890.7222,103920.9000,102356.0000,129205,2584.1000,10.0000,2,50,10,36,4
6,"Cellular & Physiological Sciences",van,5,"Faculty of Medicine",6022011,146878.3171,159953.6000,123208.1000,131848.3333,174489,4255.8293,8.0000,5,41,10,25,6
4,Zoology,van,4,"Faculty of Science",5973996,138930.1395,146289.7083,129465.1250,130533.6667,164103,3816.3488,5.7500,5,43,16,24,3
19,"School Of Nursing",van,3,"Faculty of Applied Science",5721019,121723.8085,141785.5000,125753.4286,103607.8000,348201,7408.5319,5.0000,1,47,35,2,10
52,"Educational & Counselling Psychology, & Special Education",van,6,"Faculty of Education",5687867,132275.9767,140325.6923,130976.4091,122769.0000,172246,4005.7209,5.0000,1,43,22,13,8
84,"Family Practice",van,5,"Faculty of Medicine",5357853,140996.1316,148837.3125,142026.9333,120864.5714,215005,5658.0263,5.0000,1,38,15,16,7
165,"Oral, Biological and Medical Sciences",van,13,"Faculty of Dentistry",4931569,145046.1471,164765.8667,116645.1000,143736.6667,167754,4933.9412,5.0000,1,34,10,15,9
11,Botany,van,4,"Faculty of Science",4677665,126423.3784,131720.4211,119164.3636,123452.7143,93600,2529.7297,5.5714,8,37,11,19,7
14,"Civil Engineering",van,3,"Faculty of Applied Science",4533654,151121.8000,155785.0000,125540.2000,157403.2857,297031,9901.0333,11.4615,41,30,5,18,7
81,"Political Science",van,7,"Faculty of Arts",4399821,141929.7097,149154.8000,136826.3333,92644.0000,195451,6304.8710,5.6667,11,31,9,20,2
49,"Mechanical Engineering",van,3,"Faculty of Applied Science",4360538,140662.5161,143514.5500,141924.3333,133059.2500,217687,7022.1613,3.2500,5,31,3,20,8
17,"Department Of Curriculum & Pedagogy",van,6,"Faculty of Education",4273815,133556.7188,150464.1333,119747.3571,113463.3333,243406,7606.4375,5.0000,1,32,14,15,3
32,"Faculty Of Applied Science",oka,NULL,NULL,4179532,119415.2000,123673.3158,111666.3333,115974.1000,196008,5600.2286,NULL,0,35,6,19,10
56,"School Of Music",van,7,"Faculty of Arts",4083184,127599.5000,130712.7727,128569.1667,109022.0000,157893,4934.1563,4.7500,4,32,6,22,4
36,"Oral Health Sciences",van,13,"Faculty of Dentistry",4042586,149725.4074,148882.7273,154830.6154,130692.6667,118441,4386.7037,NULL,0,27,13,11,3
120,"Biochemistry & Molecular Biology",van,5,"Faculty of Medicine",3994597,133153.2333,140201.6842,121798.0000,119995.4000,105295,3509.8333,5.0000,1,30,6,19,5
73,"Critical Studies",oka,14,"Faculty of Creative and Critical Studies",3948157,106706.9459,110730.5882,100708.0000,113602.2500,94369,2550.5135,5.0000,3,37,16,17,4
191,"Respiratory Medicine Division",van,NULL,NULL,3912157,170093.7826,183615.2500,111875.4000,207468.0000,86899,3778.2174,NULL,0,23,5,16,2
226,"Medicine - Dean's Office",van,5,"Faculty of Medicine",3906100,186004.7619,239554.2000,106404.2500,154991.5714,266390,12685.2381,30.0000,12,21,4,10,7
55,"Language & Literacy Education",van,6,"Faculty of Education",3855948,142812.8889,158606.7778,130824.5385,145553.6000,132600,4911.1111,NULL,0,27,13,9,5
26,"Department Of Educational Studies",van,6,"Faculty of Education",3835513,127850.4333,129154.1667,135845.2222,118117.3333,132313,4410.4333,3.0000,2,30,9,12,9
119,"Neurology Division",van,NULL,NULL,3786259,135223.5357,144243.5000,120162.5000,134258.3333,124876,4459.8571,NULL,0,28,8,14,6
70,"Application Development",van,NULL,NULL,3771935,99261.4474,111572.7500,93071.1429,85471.8750,30572,804.5263,4.0000,1,38,14,16,8
41,"Obstetrics & Gynaecology",van,5,"Faculty of Medicine",3766441,134515.7500,106504.0000,141284.4444,153634.5000,240949,8605.3214,NULL,0,28,9,9,10
152,History,van,7,"Faculty of Arts",3742034,120710.7742,120419.6667,119561.2727,124113.0000,212828,6865.4194,5.0000,8,31,11,15,5
107,Geography,van,7,"Faculty of Arts",3722521,143173.8846,151223.6471,112703.5000,250091.0000,202072,7772.0000,16.0000,7,26,8,17,1
127,Microbiology,van,4,"Faculty of Science",3649789,135177.3704,142074.2500,111656.7500,132853.4286,80319,2974.7778,4.0000,4,27,4,16,7
125,"Human Resources",van,NULL,NULL,3568158,108126.0000,101180.7500,112633.3333,98353.0000,67258,2038.1212,5.0000,1,33,21,8,4
109,"Chemical & Biological Engineerng",van,3,"Faculty of Applied Science",3567086,137195.6154,149883.5455,116344.8333,135588.6667,147025,5654.8077,6.0000,3,26,6,11,9
8,"Michael Smith Labs",van,NULL,NULL,3564559,142582.3600,146239.9412,99962.5000,169657.5000,88402,3536.0800,5.0000,1,25,4,17,4
37,"Materials Engineering",van,3,"Faculty of Applied Science",3513667,130135.8148,135702.5500,82617.0000,119499.8333,273227,10119.5185,6.0000,5,27,1,20,6
128,"School Of Kinesiology",van,6,"Faculty of Education",3476346,144847.7500,148388.3846,157624.8000,126528.8333,85992,3583.0000,5.0000,3,24,5,13,6
118,Sociology,van,7,"Faculty of Arts",3466591,138663.6400,141512.2727,138219.6364,129846.6667,82463,3298.5200,3.6667,3,25,11,11,3
68,"Anesthesia, Pharmacology & Therapeutics",van,5,"Faculty of Medicine",3366018,134640.7200,134566.8125,128201.0000,138057.6667,99857,3994.2800,NULL,0,25,3,16,6
50,"French, Hispanic & Italian Studies",van,7,"Faculty of Arts",3324085,110802.8333,112652.9000,105790.3333,113222.0909,61053,2035.1000,3.3333,3,30,9,10,11
106,"Asian Studies",van,7,"Faculty of Arts",3281211,117186.1071,133244.0000,105243.7143,107882.1000,129413,4621.8929,4.8000,5,28,7,11,10
54,Nursing,oka,4,"Faculty of Science",3114596,107399.8621,NULL,111261.3200,83265.7500,90155,3108.7931,NULL,0,29,25,0,4
164,Orthopaedics,van,5,"Faculty of Medicine",3054042,113112.6667,122180.1667,99475.8000,89355.0000,66039,2445.8889,NULL,0,27,5,18,4
47,"Food, Nutrition & Health",van,12,"Faculty of Land and Food Systems",3039031,126626.2917,132897.1429,126004.7143,122671.8000,245505,10229.3750,4.5000,2,24,7,7,10
183,"Medicine Department",van,NULL,NULL,2947923,184245.1875,209513.8182,102368.5000,146178.0000,92162,5760.1250,NULL,0,16,2,11,3
57,Philosophy,van,7,"Faculty of Arts",2905191,145259.5500,149401.3571,139214.2000,117501.0000,96323,4816.1500,3.6667,3,20,5,14,1
97,"Department Of Wood Science",van,11,"Faculty of Forestry",2776353,132207.2857,135272.4118,79234.0000,132496.0000,195201,9295.2857,9.0000,2,21,1,17,3
121,"School of Architecture and Landscape Architecture",van,NULL,NULL,2776096,138804.8000,136132.5833,138758.6667,154976.5000,67512,3375.6000,5.0000,7,20,6,12,2
224,"Art History, Visual Art & Theory",van,7,"Faculty of Arts",2771380,115474.1667,106193.5000,118815.5000,121413.5000,51758,2156.5833,3.5000,2,24,8,8,8
69,"Physical Therapy",van,5,"Faculty of Medicine",2683038,141212.5263,116752.5000,149050.5455,144118.0000,87644,4612.8421,4.0000,1,19,11,4,4
31,"Applied Biology",van,12,"Faculty of Land and Food Systems",2664934,133246.7000,135661.0769,112928.0000,135096.8000,79872,3993.6000,2.0000,1,20,2,13,5
25,Ophthalmology,van,5,"Faculty of Medicine",2645501,155617.7059,167673.0000,133546.5000,99239.0000,105601,6211.8235,5.0000,1,17,4,12,1
113,Anthropology,van,7,"Faculty of Arts",2621837,124849.3810,130714.3000,118844.8750,121311.6667,155760,7417.1429,3.0000,1,21,8,10,3
122,"Centre for Teaching, Learning & Technology",van,NULL,NULL,2621382,90392.4828,90747.0000,87669.0833,96077.8000,57592,1985.9310,5.0000,5,29,12,12,5
108,"Faculty Of Education",oka,NULL,NULL,2603447,113193.3478,105785.6667,112804.6000,130832.5000,107845,4688.9130,NULL,0,23,10,9,4
23,"Urologic Sciences",van,5,"Faculty of Medicine",2588662,123269.6190,126827.8462,107398.2500,127576.7500,27293,1299.6667,NULL,0,21,4,13,4
30,"Forest Resources Managment",van,11,"Faculty of Forestry",2578415,135706.0526,139495.2857,115579.6667,139371.0000,211923,11153.8421,6.0000,8,19,3,14,2
29,"Deptartment of Forest & Conservation Sciences",van,11,"Faculty of Forestry",2542860,133834.7368,150230.0000,128076.2500,83090.0000,108302,5700.1053,NULL,0,19,8,9,2
99,"Athletics And Recreation",van,NULL,NULL,2511307,100452.2800,96447.0625,97366.3333,112675.8333,238366,9534.6400,6.0000,4,25,3,16,6
141,"UBC Properties Trust",van,NULL,NULL,2449452,163296.8000,210963.5000,109645.6667,103870.0000,42618,2841.2000,1.0000,1,15,6,8,1
63,"Med IT",van,5,"Faculty of Medicine",2444334,90530.8889,92441.5882,96657.7500,81032.6667,127285,4714.2593,NULL,0,27,4,17,6
27,"Classical, Near Eastern And Religious Studies",van,7,"Faculty of Arts",2381831,119091.5500,134228.1250,108195.0000,113028.0000,82183,4109.1500,5.5000,7,20,10,8,2
150,"Applied Science - Dean's Office",van,3,"Faculty of Applied Science",2358260,117913.0000,117646.3333,127289.0000,102105.0000,116836,5841.8000,1.0000,2,20,7,9,4
157,Statistics,van,4,"Faculty of Science",2312432,136025.4118,132923.8571,145408.3333,135105.7143,65872,3874.8235,5.0000,1,17,3,7,7
78,"Community, Culture and Global Studies (Unit 1)",oka,9,"Barber Arts and Sciences",2312155,110102.6190,115459.5000,104375.3750,107519.0000,120154,5721.6190,NULL,0,21,8,10,3
142,"Faculty Of Management - Dean's Office",oka,16,"Faculty of Management",2274380,142148.7500,142376.2222,119758.6667,158429.5000,118170,7385.6250,1.0000,1,16,3,9,4
137,Radiology,van,5,"Faculty of Medicine",2271666,151444.4000,140086.0000,95607.7500,256182.3333,58681,3912.0667,9.5000,5,15,4,8,3
79,"Undergrad Medicine - Dean's Office",van,5,"Faculty of Medicine",2234153,117587.0000,97478.0000,89295.5000,151373.7500,61886,3257.1579,NULL,0,19,6,5,8
189,"Economics, Philosophy & Political Science (Unit 8)",oka,9,"Barber Arts and Sciences",2198467,115708.7895,119700.5714,89590.0000,114493.0000,78496,4131.3684,5.0000,1,19,2,14,3
124,"Computer Science, Mathematics, Physics, Statistics (Unit 5)",oka,9,"Barber Arts and Sciences",2193155,115429.2105,115299.8182,118248.0000,114022.6000,57261,3013.7368,NULL,0,19,3,11,5
42,"Psychology (Unit 4)",oka,9,"Barber Arts and Sciences",2125442,125026.0000,134127.7778,114786.5000,NULL,69104,4064.9412,5.0000,2,17,8,9,0
86,"Arts - Dean's Office",van,7,"Faculty of Arts",2042955,127684.6875,171374.5000,113372.0000,112369.6667,101739,6358.6875,4.0000,2,16,9,4,3
100,Linguistics,van,7,"Faculty of Arts",2038846,145631.8571,145168.2500,127013.5000,184723.0000,40816,2915.4286,NULL,0,14,4,8,2
215,"Fisheries Centre",van,NULL,NULL,2032445,145174.6429,146072.2000,121091.0000,164770.5000,130604,9328.8571,NULL,0,14,2,10,2
153,"Biology (Unit 2)",oka,9,"Barber Arts and Sciences",1989595,117035.0000,116397.3750,122480.5714,100526.0000,43886,2581.5294,NULL,0,17,7,8,2
93,"Infectious Diseases Division",van,5,"Faculty of Medicine",1908591,190859.1000,218702.2500,79486.5000,NULL,34690,3469.0000,NULL,0,10,2,8,0
123,"Earth and Environmental Sciences, Physical Geography (Unit 7)",oka,9,"Barber Arts and Sciences",1863005,124200.3333,130030.1111,105446.0000,117457.6000,38202,2546.8000,5.0000,2,15,1,9,5
173,"School of Social Work",van,NULL,NULL,1787931,119195.4000,134438.4000,108089.8750,125510.0000,73493,4899.5333,3.0000,2,15,8,5,2
28,"School of Health and Excercise Sciences",oka,10,"Faculty of Health and Social Development",1741938,116129.2000,119071.3750,105076.2000,131993.0000,75204,5013.6000,NULL,0,15,5,8,2
265,"School of Library Archival & Information Studies",van,NULL,NULL,1732228,133248.3077,110381.0000,143696.6667,142841.3333,99654,7665.6923,NULL,0,13,6,4,3
262,"Mining Engineering",van,3,"Faculty of Applied Science",1726692,143891.0000,137083.5000,101409.0000,176205.0000,157424,13118.6667,5.5000,3,12,1,8,3
24,"History and Sociology (Unit 6)",oka,9,"Barber Arts and Sciences",1715696,107231.0000,111787.9167,93285.6667,94384.0000,51395,3212.1875,4.0000,1,16,3,12,1
114,"Cardiology Division",van,NULL,NULL,1694209,141184.0833,183398.6000,111030.8571,NULL,5586,465.5000,9.0000,2,12,7,5,0
149,"Continuing Studies - Domestic",van,NULL,NULL,1653642,110242.8000,122142.7143,89863.2500,109797.5000,66570,4438.0000,NULL,0,15,4,7,4
65,"School of Community and Regional Planning",van,3,"Faculty of Applied Science",1636426,148766.0000,138231.2000,157545.0000,NULL,68961,6269.1818,5.0000,1,11,6,5,0
195,"Project Services",van,NULL,NULL,1623371,101460.6875,102122.8889,105633.6667,96841.0000,18210,1138.1250,NULL,0,16,3,9,4
5,"Emergency Medicine",van,5,"Faculty of Medicine",1572140,131011.6667,131913.6667,106798.0000,176733.0000,52806,4400.5000,5.0000,1,12,4,6,2
59,"Continuing Studies - International",van,NULL,NULL,1528696,109192.5714,111450.6667,123015.6000,81638.0000,53530,3823.5714,NULL,0,14,5,6,3
92,"Audiology & Speech Sciences",van,5,"Faculty of Medicine",1516559,116658.3846,132896.0000,110258.8333,95263.0000,23351,1796.2308,NULL,0,13,6,5,2
103,"Chemistry (Unit 3)",oka,9,"Barber Arts and Sciences",1509525,116117.3077,115125.2500,116925.7500,120820.0000,16114,1239.5385,NULL,0,13,4,8,1
74,"Faculty Of Education",van,NULL,NULL,1503009,136637.1818,124848.7500,115108.2000,214036.5000,105397,9581.5455,1.0000,1,11,5,4,2
182,"Creative Studies",oka,18,"Faculty of Creative Studies",1450715,111593.4615,112815.2000,111248.0000,109575.5000,22815,1755.0000,NULL,0,13,6,5,2
239,"Industry Liaison Office",van,NULL,NULL,1446562,96437.4667,102393.6667,87879.0000,129168.0000,19689,1312.6000,NULL,0,15,8,6,1
266,"Dermatology & Skin Science",van,5,"Faculty of Medicine",1431108,159012.0000,170480.8571,NULL,118871.0000,29117,3235.2222,NULL,0,9,0,7,2
102,"Occupational Science & Occupational Therapy",van,5,"Faculty of Medicine",1411642,128331.0909,116252.0000,125619.4444,164815.0000,46097,4190.6364,NULL,0,11,9,1,1
159,"Student Health Services",van,NULL,NULL,1404090,127644.5455,107623.7500,131338.5000,185564.0000,22683,2062.0909,NULL,0,11,6,4,1
326,"Financial Services",van,5,"Faculty of Medicine",1389943,115828.5833,141437.0000,110735.7500,79746.0000,39607,3300.5833,NULL,0,12,8,3,1
176,"Theatre And Film",van,7,"Faculty of Arts",1386512,115542.6667,119850.4286,110055.0000,108697.0000,29900,2491.6667,NULL,0,12,3,7,2
199,"Institute for Resources, Environment & Sustainability",van,NULL,NULL,1360753,170094.1250,184271.0000,161559.6667,138990.0000,62198,7774.7500,NULL,0,8,3,4,1
101,"Development and Alumni Engagement Services",van,NULL,NULL,1353770,90251.3333,104626.6000,84736.0000,81391.4000,36419,2427.9333,NULL,0,15,5,5,5
145,"Client Services",van,NULL,NULL,1347320,103640.0000,104661.4000,104846.0000,97468.5000,44205,3400.3846,NULL,0,13,6,5,2
66,Infrastructure,van,NULL,NULL,1345806,112150.5000,113969.8750,114998.6667,89051.0000,34250,2854.1667,4.0000,1,12,3,8,1
154,"Human Early Learning Partnership",van,NULL,NULL,1334030,102617.6923,120871.6000,91209.0000,NULL,79556,6119.6923,5.0000,1,13,8,5,0
304,"Division Of AIDS",van,NULL,NULL,1310745,218457.5000,216768.7500,183803.0000,259867.0000,5084,847.3333,NULL,0,6,1,4,1
259,"Forestry - Dean's Office",van,11,"Faculty of Forestry",1309025,130902.5000,156271.7500,123463.5000,95042.0000,112050,11205.0000,NULL,0,10,4,4,2
58,"Risk Management Services",van,NULL,NULL,1308049,100619.1538,104507.2857,91468.0000,119158.0000,37066,2851.2308,NULL,0,13,5,7,1
279,"VP Academic & Provost",van,NULL,NULL,1293674,161709.2500,183074.5000,155901.0000,93673.0000,76208,9526.0000,1.0000,2,8,3,4,1
105,"Museum Of Anthropology",van,NULL,NULL,1283750,98750.0000,131483.0000,86923.0000,93613.3333,43115,3316.5385,NULL,0,13,7,3,3
209,"Institute Of Asian Research",van,NULL,NULL,1277194,141910.4444,167779.8000,88121.0000,116724.6667,148250,16472.2222,5.0000,1,9,1,5,3
88,Systems,van,NULL,NULL,1232365,94797.3077,93532.1250,NULL,96821.6000,6924,532.6154,NULL,0,13,0,8,5
174,"Administration Division",van,NULL,NULL,1215682,110516.5455,87450.7500,124129.1667,121104.0000,78723,7156.6364,NULL,0,11,6,4,1
112,"Integration Competency Centre",van,NULL,NULL,1205343,92718.6923,95896.0000,87573.2500,93892.5000,11,0.8462,NULL,0,13,4,5,4
10,"Humanities & Soclal Sciences",van,NULL,NULL,1193477,99456.4167,101386.0000,101655.5000,89000.0000,20880,1740.0000,NULL,0,12,6,4,2
206,"Faculty Of Land & Food Systems",van,NULL,NULL,1184644,131627.1111,145128.2000,117637.5000,111864.0000,65404,7267.1111,2.5000,4,9,2,5,2
178,"VP Research & International Office",van,NULL,NULL,1171364,167337.7143,251120.0000,131153.0000,137832.5000,132659,18951.2857,4.0000,2,7,3,2,2
2,"Facilities Planning",van,NULL,NULL,1155427,105038.8182,105132.0000,106963.5556,87623.0000,9525,865.9091,NULL,0,11,9,1,1
177,"UBC IT",van,NULL,NULL,1153598,164799.7143,169859.8000,152149.5000,NULL,64432,9204.5714,7.0000,1,7,2,5,0
201,Treasury,van,NULL,NULL,1146549,114654.9000,121443.7500,118359.0000,93669.0000,19578,1957.8000,NULL,0,10,4,4,2
136,Communication,van,NULL,NULL,1132786,94398.8333,96770.8571,87934.5000,93173.6667,5120,426.6667,NULL,0,12,2,7,3
117,"Woodward Library",van,NULL,NULL,1114115,101283.1818,102122.3333,97980.1667,109933.5000,25809,2346.2727,NULL,0,11,6,3,2
126,"Identity & Access Management",van,NULL,NULL,1093297,99390.6364,98148.8333,93254.5000,105965.0000,6279,570.8182,NULL,0,11,2,6,3
286,"Central, Eastern & Northern European Studies",van,7,"Faculty of Arts",1080075,108007.5000,112703.2500,76733.5000,118948.7500,32490,3249.0000,6.6667,4,10,2,4,4
90,"Science, Dean's Office",van,4,"Faculty of Science",1068654,133581.7500,185921.0000,109856.6667,122414.0000,26405,3300.6250,5.0000,1,8,3,2,3
38,"Steam Plant",van,NULL,NULL,1050643,87553.5833,87891.1000,78377.0000,93355.0000,4950,412.5000,NULL,0,12,1,10,1
3,"VP Academic & Provost Office",van,NULL,NULL,1049450,174908.3333,220073.0000,156342.3333,180175.0000,40934,6822.3333,1.0000,1,6,3,1,2
296,"Creative Writing Program",van,7,"Faculty of Arts",1044565,116062.7778,116443.7500,115758.0000,NULL,14365,1596.1111,NULL,0,9,5,4,0
34,"IT Services",oka,NULL,NULL,1036337,94212.4545,98809.2500,89345.0000,78259.0000,54152,4922.9091,NULL,0,11,1,8,2
334,"Research Services",van,NULL,NULL,1025841,102584.1000,123303.6667,94658.2500,92432.3333,31389,3138.9000,NULL,0,10,4,3,3
184,"President's Office",van,NULL,NULL,984304,196860.8000,306225.0000,123951.3333,NULL,229338,45867.6000,87.0000,31,5,3,2,0
77,"UBC Network& Infrastructure Facilities",van,NULL,NULL,970773,97077.3000,93313.5714,101312.0000,108133.0000,16113,1611.3000,NULL,0,10,1,7,2
132,"University Counsel Office",van,NULL,NULL,946315,135187.8571,145439.0000,121519.6667,NULL,42396,6056.5714,NULL,0,7,3,4,0
345,IMANT,van,NULL,NULL,916971,229242.7500,309936.0000,106139.0000,190960.0000,52967,13241.7500,15.0000,3,4,1,2,1
53,"International Student Initiative",van,NULL,NULL,893754,99306.0000,98579.8000,95742.0000,113629.0000,157250,17472.2222,NULL,0,9,3,5,1
208,"Social Work",oka,NULL,NULL,893655,111706.8750,112271.3333,110656.0000,114217.0000,32442,4055.2500,NULL,0,8,4,3,1
89,"Dentistry - Dean's Office",van,13,"Faculty of Dentistry",890031,111253.8750,290115.0000,84958.0000,87563.0000,62463,7807.8750,NULL,0,8,5,1,2
80,"Real Estate Division",van,15,"Sauder School of Business",883633,126233.2857,134747.5000,75148.0000,NULL,45706,6529.4286,NULL,0,7,1,6,0
287,"Pension Administration Office",van,NULL,NULL,875352,97261.3333,113314.6667,89234.6667,NULL,18395,2043.8889,NULL,0,9,6,3,0
356,"Paragon Testing Enterprises Inc.",van,NULL,NULL,861890,123127.1429,135049.0000,75295.0000,123199.5000,28028,4004.0000,NULL,0,7,1,4,2
282,"Faculty Of Graduate Studies & Postdoctoral Studies",van,NULL,NULL,861172,123024.5714,106390.6667,135500.0000,NULL,28494,4070.5714,1.0000,1,7,4,3,0
104,"Liu Institute For Global Issues",van,NULL,NULL,830460,138410.0000,121382.0000,111209.5000,162219.6667,41219,6869.8333,NULL,0,6,2,1,3
218,"Finance & Operational Strategies",van,NULL,NULL,818521,136420.1667,151488.0000,128886.2500,NULL,12114,2019.0000,NULL,0,6,4,2,0
138,Communications,van,NULL,NULL,800416,100052.0000,176873.0000,89077.5714,NULL,32917,4114.6250,NULL,0,8,7,1,0
95,"Counselling Services",van,NULL,NULL,796944,88549.3333,91527.0000,94703.5000,81650.7500,16318,1813.1111,NULL,0,9,4,1,4
276,"General Internal Medicine",van,NULL,NULL,784313,156862.6000,158065.5000,156060.6667,NULL,9697,1939.4000,NULL,0,5,3,2,0
155,"Database Administration",van,NULL,NULL,779906,97488.2500,98660.6667,110015.0000,77927.0000,420,52.5000,NULL,0,8,1,6,1
64,"Technical Services",van,NULL,NULL,768571,109795.8571,110246.3333,109458.0000,NULL,21267,3038.1429,NULL,0,7,4,3,0
238,"Arts ISIT",van,7,"Faculty of Arts",741786,105969.4286,111811.0000,107387.0000,84192.0000,15952,2278.8571,5.0000,1,7,3,3,1
162,"Animal Care Services",van,NULL,NULL,737455,122909.1667,NULL,113898.4000,167963.0000,5469,911.5000,NULL,0,6,5,0,1
46,"Endocrinology & Metabolism Division",van,5,"Faculty of Medicine",730399,121733.1667,153498.0000,102378.2500,167388.0000,10021,1670.1667,NULL,0,6,4,1,1
91," Enterprise Architecture",van,NULL,NULL,726238,121039.6667,139370.6667,102708.6667,NULL,13795,2299.1667,NULL,0,6,3,3,0
298,Administration,van,NULL,NULL,722237,120372.8333,132846.7500,110876.0000,79974.0000,24322,4053.6667,NULL,0,6,1,4,1
291,"Gastroenterology Division",van,NULL,NULL,694884,138976.8000,154248.5000,124025.0000,138337.0000,20404,4080.8000,NULL,0,5,2,2,1
202,"Communications & Marketing",van,NULL,NULL,690952,98707.4286,86689.5000,134228.0000,75738.0000,18248,2606.8571,NULL,0,7,2,4,1
312,"Barber School of Arts and Sciences - Dean's Office",van,9,"Barber Arts and Sciences",685797,137159.4000,166342.0000,129863.7500,NULL,26218,5243.6000,NULL,0,5,4,1,0
186,"School Of Journalism",van,NULL,NULL,678182,135636.4000,162219.0000,108707.5000,136329.0000,56782,11356.4000,9.6000,10,5,2,2,1
210,"Food Services",van,NULL,NULL,661555,94507.8571,88083.5000,95703.0000,97994.0000,38504,5500.5714,NULL,0,7,2,2,3
204,"Information Systems & Technology Division",van,NULL,NULL,652824,93260.5714,92471.0000,83680.0000,96050.5000,11747,1678.1429,NULL,0,7,1,2,4
283,"Application Management Services",van,NULL,NULL,644443,107407.1667,108207.8000,103404.0000,NULL,2866,477.6667,NULL,0,6,1,5,0
98,"Critical Care Medicine",van,5,"Faculty of Medicine",630168,105028.0000,115055.2500,84973.5000,NULL,5448,908.0000,NULL,0,6,2,4,0
241,"Technical Services",van,NULL,NULL,628297,104716.1667,104716.1667,NULL,NULL,11854,1975.6667,NULL,0,6,0,6,0
139,Library,oka,NULL,NULL,622400,88914.2857,95262.0000,88442.8000,84924.0000,36048,5149.7143,NULL,0,7,5,1,1
242,"Operations Effectiveness",van,NULL,NULL,617405,102900.8333,91253.0000,127198.5000,89249.0000,13941,2323.5000,1.0000,1,6,2,3,1
135,"Facilities Manager",van,NULL,NULL,615217,102536.1667,99038.4000,120025.0000,NULL,4884,814.0000,NULL,0,6,1,5,0
274,"Business Information Systems",van,NULL,NULL,609852,87121.7143,88341.0000,77411.0000,89538.5000,2583,369.0000,NULL,0,7,1,4,2
94,"Rheumatology Division",van,5,"Faculty of Medicine",595871,148967.7500,195659.0000,152262.0000,95688.0000,0,0.0000,NULL,0,4,2,1,1
230,"Theatre And Film (Film)",van,7,"Faculty of Arts",589940,117988.0000,127499.0000,111647.3333,NULL,4751,950.2000,NULL,0,5,3,2,0
219,"Desktop Services",van,NULL,NULL,587824,83974.8571,85213.0000,76588.0000,85192.0000,5636,805.1429,NULL,0,7,1,4,2
253,"Thunderbird Residence Housing-Facilities",van,NULL,NULL,570598,81514.0000,82000.0000,NULL,78598.0000,2496,356.5714,NULL,0,7,0,6,1
264,"Faculty Of Applied Science",van,NULL,NULL,564793,141198.2500,135707.0000,NULL,157672.0000,10827,2706.7500,NULL,0,4,0,3,1
158,"Internal Audit",van,NULL,NULL,563773,112754.6000,121805.2500,76552.0000,NULL,30605,6121.0000,1.0000,1,5,1,4,0
284,"Access & Diversity",van,NULL,NULL,552260,92043.3333,78261.0000,103819.6667,81270.0000,17750,2958.3333,1.0000,1,6,3,1,2
305,"VP Development & Alumni Engagement Office",van,NULL,NULL,552256,184085.3333,NULL,184085.3333,NULL,114782,38260.6667,NULL,0,3,3,0,0
205,"Executive Education",van,15,"Sauder School of Business",548237,137059.2500,240073.0000,102721.3333,NULL,95671,23917.7500,NULL,0,4,3,1,0
232,"VP Students Office",van,NULL,NULL,542539,135634.7500,107542.0000,163727.5000,NULL,23755,5938.7500,6.0000,2,4,2,2,0
197,"James Hogg iCapture Centre",van,NULL,NULL,530435,88405.8333,85362.0000,85578.0000,94277.5000,8329,1388.1667,NULL,0,6,2,2,2
344,"Centre for Student Involvement & Careers",van,NULL,NULL,527255,87875.8333,80516.0000,100035.5000,83076.0000,24472,4078.6667,NULL,0,6,2,2,2
133,"Digital Initiatives",van,NULL,NULL,525887,105177.4000,107755.3333,101310.5000,NULL,23957,4791.4000,NULL,0,5,2,3,0
196,"VP Finance, Resources & Operations",van,NULL,NULL,514317,171439.0000,325873.0000,94222.0000,NULL,20896,6965.3333,NULL,0,3,2,1,0
187,"Alumni UBC",van,NULL,NULL,509072,101814.4000,114914.0000,93081.3333,NULL,38295,7659.0000,NULL,0,5,3,2,0
258,Sustainability/Engineering,van,NULL,NULL,503990,100798.0000,104917.0000,84322.0000,NULL,6283,1256.6000,NULL,0,5,1,4,0
272,"Faculty Of Science",van,NULL,NULL,482920,160973.3333,192660.5000,NULL,97599.0000,11902,3967.3333,5.0000,1,3,0,2,1
235,"Academic Systems Support",van,NULL,NULL,482823,96564.6000,98237.5000,NULL,89873.0000,5780,1156.0000,NULL,0,5,0,4,1
234,"Enrolment Services",van,NULL,NULL,479640,95928.0000,78476.0000,103510.6667,90632.0000,19464,3892.8000,3.0000,2,5,3,1,1
329,"Network Planning and BCNET",van,NULL,NULL,478197,95639.4000,95544.2500,NULL,96020.0000,6307,1261.4000,NULL,0,5,0,4,1
318,"Population Data BC",van,NULL,NULL,469199,93839.8000,92557.6667,113513.0000,78013.0000,7162,1432.4000,NULL,0,5,1,3,1
377,"Law Library ",van,NULL,NULL,465288,116322.0000,87839.0000,164236.0000,106606.5000,7980,1995.0000,NULL,0,4,1,1,2
116,"Financial Systems",van,NULL,NULL,463716,92743.2000,92461.3333,93166.0000,NULL,2838,567.6000,NULL,0,5,2,3,0
313,"Senior Directors Office Service Delivery & Selection",van,NULL,NULL,462113,115528.2500,95419.0000,122231.3333,NULL,23227,5806.7500,1.0000,1,4,3,1,0
188,"Midwifery Program",van,5,"Faculty of Medicine",452049,113012.2500,NULL,97039.5000,128985.0000,20949,5237.2500,NULL,0,4,2,0,2
83,"Centre For Teaching & Learning",oka,NULL,NULL,448837,89767.4000,94072.6667,83309.5000,NULL,16701,3340.2000,NULL,0,5,2,3,0
148,"Student Housing & Hospitality Services",van,NULL,NULL,443384,110846.0000,118535.3333,87778.0000,NULL,9994,2498.5000,1.0000,1,4,1,3,0
82,"Indigenous Teacher Education Program Office",van,6,"Faculty of Education",441725,88345.0000,81312.0000,92612.6667,82575.0000,22973,4594.6000,5.0000,1,5,3,1,1
211,"Technology Support",van,13,"Faculty of Dentistry",436187,87237.4000,86874.6667,NULL,87781.5000,0,0.0000,NULL,0,5,0,3,2
314,"Peter Wall Institute For Advanced Studies",van,NULL,NULL,434540,144846.6667,NULL,144846.6667,NULL,49224,16408.0000,NULL,0,3,3,0,0
167,"Education - Dean's Office",van,6,"Faculty of Education",434293,86858.6000,NULL,80820.0000,88368.2500,4132,826.4000,NULL,0,5,1,0,4
16,"Ctv&Crtstud.-Dean's Office",oka,NULL,NULL,433828,144609.3333,NULL,129938.0000,151945.0000,38158,12719.3333,NULL,0,3,1,0,2
252,"Budget Office & Managment Reporting",van,NULL,NULL,433363,86672.6000,85181.0000,78380.0000,106241.0000,5691,1138.2000,NULL,0,5,2,2,1
343,"First Nations House of Learning",van,NULL,NULL,432734,144244.6667,154162.5000,124409.0000,NULL,5393,1797.6667,NULL,0,3,1,2,0
359,"Public Affairs",van,NULL,NULL,431668,107917.0000,106037.5000,130073.0000,89520.0000,12296,3074.0000,NULL,0,4,1,2,1
388,"Vantage College",van,NULL,NULL,428839,142946.3333,151883.0000,125073.0000,NULL,38061,12687.0000,4.0000,1,3,1,2,0
292,Facilities,van,5,"Faculty of Medicine",419100,104775.0000,82997.0000,112034.3333,NULL,6480,1620.0000,NULL,0,4,3,1,0
87,"Human Resources",oka,NULL,NULL,415042,103760.5000,101444.0000,113096.5000,87405.0000,22345,5586.2500,NULL,0,4,2,1,1
251,Development,oka,NULL,NULL,412733,103183.2500,84054.0000,122312.5000,NULL,38367,9591.7500,NULL,0,4,2,2,0
220,"Irving K. Barber Library",van,NULL,NULL,412161,103040.2500,108558.0000,NULL,86487.0000,17798,4449.5000,NULL,0,4,0,3,1
348,"Geriatric Medicine Division",van,NULL,NULL,395177,98794.2500,106085.0000,NULL,91503.5000,7400,1850.0000,NULL,0,4,0,2,2
172,"Institute for Gender, Race, Sexuality and Social Justice",van,7,"Faculty of Arts",390201,130067.0000,NULL,97371.0000,146415.0000,14941,4980.3333,3.0000,2,3,1,0,2
193,"Institute for Computing, Information & Cognitive Systems",van,NULL,NULL,389954,129984.6667,233576.0000,78189.0000,NULL,79569,26523.0000,NULL,0,3,2,1,0
207,"Trades Administration",van,NULL,NULL,388928,97232.0000,96123.3333,100558.0000,NULL,5376,1344.0000,NULL,0,4,1,3,0
281,"Planning & Design",van,NULL,NULL,387176,96794.0000,96794.0000,NULL,NULL,20188,5047.0000,NULL,0,4,0,4,0
169,"Teacher Education Office",van,6,"Faculty of Education",386090,96522.5000,96864.6667,95496.0000,NULL,10125,2531.2500,4.0000,1,4,1,3,0
340,"Botanical Garden and Centre for Horticulture",van,NULL,NULL,386025,96506.2500,102492.3333,78548.0000,NULL,9944,2486.0000,NULL,0,4,1,3,0
322,"Parking Services",van,NULL,NULL,382186,95546.5000,113096.5000,75638.0000,80355.0000,17346,4336.5000,NULL,0,4,1,2,1
179,"Deputy Vice-Chancellor and Principal",oka,NULL,NULL,379952,189976.0000,NULL,189976.0000,NULL,67403,33701.5000,NULL,0,2,2,0,0
75,"Undergraduate Admissions",van,NULL,NULL,379014,94753.5000,116358.0000,93462.0000,84597.0000,6541,1635.2500,1.5000,2,4,1,1,2
243,"Conferences & Accommodation",van,NULL,NULL,377516,94379.0000,NULL,89222.5000,99535.5000,33809,8452.2500,NULL,0,4,2,0,2
156,"Professional Development & Community Engagement",van,6,"Faculty of Education",377056,94264.0000,90143.0000,95789.0000,95335.0000,10928,2732.0000,NULL,0,4,2,1,1
294,Finance,van,NULL,NULL,366192,91548.0000,86526.0000,75663.0000,117477.0000,7816,1954.0000,NULL,0,4,1,2,1
339,"Learning Applications",van,NULL,NULL,361026,90256.5000,90256.5000,NULL,NULL,1170,292.5000,NULL,0,4,0,4,0
134,"Centre for Molecular Medicine and Therapeutics",van,NULL,NULL,357621,89405.2500,90255.6667,86854.0000,NULL,437,109.2500,NULL,0,4,1,3,0
360,"Centre For Hip Health",van,NULL,NULL,357129,89282.2500,NULL,97758.5000,80806.0000,3146,786.5000,NULL,0,4,2,0,2
323,"VP Communications & Community Partnership",van,NULL,NULL,356008,178004.0000,270073.0000,85935.0000,NULL,43140,21570.0000,NULL,0,2,1,1,0
161,"Senate & Curriculum Services",van,NULL,NULL,354384,88596.0000,107505.0000,83258.0000,81810.5000,26042,6510.5000,NULL,0,4,1,1,2
297,Communications,van,5,"Faculty of Medicine",350185,87546.2500,87088.3333,88920.0000,NULL,8065,2016.2500,NULL,0,4,1,3,0
300,"Nephrology Division",van,NULL,NULL,348325,116108.3333,130102.0000,91769.0000,126454.0000,0,0.0000,NULL,0,3,1,1,1
289,"Research Systems",van,NULL,NULL,347489,86872.2500,86872.2500,NULL,NULL,7941,1985.2500,NULL,0,4,0,4,0
331,"Hematology Division",van,NULL,NULL,346420,173210.0000,208032.0000,138388.0000,NULL,1328,664.0000,NULL,0,2,1,1,0
311,"Medical Postgraduate Education",van,5,"Faculty of Medicine",345647,115215.6667,159436.0000,93105.5000,NULL,22478,7492.6667,NULL,0,3,2,1,0
358,"Development Services",van,NULL,NULL,344815,114938.3333,120650.0000,103515.0000,NULL,10177,3392.3333,NULL,0,3,1,2,0
247,"Evaluation Studies Unit",van,5,"Faculty of Medicine",344780,86195.0000,95212.0000,75638.0000,78718.0000,14300,3575.0000,NULL,0,4,1,2,1
228,Nexterra,van,NULL,NULL,344329,86082.2500,86082.2500,NULL,NULL,923,230.7500,NULL,0,4,0,4,0
246,"Office of the Provost and Vice-Principal Academic",oka,NULL,NULL,343189,171594.5000,NULL,225573.0000,117616.0000,10952,5476.0000,NULL,0,2,1,0,1
147,"Vaccine Evaluation Centre",van,NULL,NULL,343001,85750.2500,NULL,86310.6667,84069.0000,8064,2016.0000,NULL,0,4,3,0,1
163,Electrician,van,NULL,NULL,341884,85471.0000,82146.6667,NULL,95444.0000,1625,406.2500,NULL,0,4,0,3,1
277,"Strategic Partnerships",van,NULL,NULL,341003,113667.6667,131725.0000,77553.0000,NULL,19030,6343.3333,NULL,0,3,1,2,0
233,"Borrower Services",van,NULL,NULL,335687,111895.6667,95643.0000,120022.0000,NULL,3287,1095.6667,NULL,0,3,2,1,0
255,"Centre For Disease Control",van,NULL,NULL,332639,83159.7500,75666.0000,85712.5000,85548.0000,11374,2843.5000,NULL,0,4,2,1,1
144,"Faculty Of Health - Dean's Office",oka,17,"Faculty of Health",331622,165811.0000,165811.0000,NULL,NULL,44981,22490.5000,NULL,0,2,0,2,0
342,"Web Services",van,NULL,NULL,328145,82036.2500,79505.0000,NULL,89630.0000,921,230.2500,NULL,0,4,0,3,1
62,"Developmental Neurosciences and Child Health",van,5,"Faculty of Medicine",327909,81977.2500,NULL,80460.0000,82483.0000,6355,1588.7500,NULL,0,4,1,0,3
245,"W.M. Young Centre for Applied Ethics",van,NULL,NULL,323725,161862.5000,161862.5000,NULL,NULL,5242,2621.0000,NULL,0,2,0,2,0
333,"Faculty Relations",van,NULL,NULL,323173,107724.3333,111239.0000,105967.0000,NULL,10911,3637.0000,NULL,0,3,2,1,0
256,"University Archives",van,NULL,NULL,321800,107266.6667,107266.6667,NULL,NULL,8136,2712.0000,NULL,0,3,0,3,0
111,Education,van,NULL,NULL,317304,105768.0000,124846.0000,88992.0000,103466.0000,6408,2136.0000,NULL,0,3,1,1,1
390,"Fine Arts Gallery",van,NULL,NULL,314879,78719.7500,79719.0000,77720.5000,NULL,9060,2265.0000,NULL,0,4,2,2,0
364,"Green College",van,NULL,NULL,310708,155354.0000,155354.0000,NULL,NULL,2975,1487.5000,NULL,0,2,0,2,0
368,Custodial,van,NULL,NULL,308594,102864.6667,NULL,91244.0000,108675.0000,3422,1140.6667,NULL,0,3,1,0,2
131,"Service Layer",van,NULL,NULL,307068,102356.0000,85505.0000,110781.5000,NULL,9994,3331.3333,NULL,0,3,2,1,0
248,"University Research Forest",van,NULL,NULL,298663,99554.3333,109215.5000,80232.0000,NULL,8220,2740.0000,NULL,0,3,1,2,0
269,"Security Services",van,NULL,NULL,291801,97267.0000,97267.0000,NULL,NULL,12000,4000.0000,NULL,0,3,0,3,0
181,"Faculty Affairs",van,5,"Faculty of Medicine",290348,96782.6667,NULL,81087.0000,128174.0000,6856,2285.3333,NULL,0,3,2,0,1
250,"UBC Press",van,NULL,NULL,290224,96741.3333,NULL,96741.3333,NULL,21835,7278.3333,NULL,0,3,3,0,0
273,"Asian Library",van,NULL,NULL,286150,95383.3333,NULL,90307.0000,105536.0000,6899,2299.6667,NULL,0,3,2,0,1
278,Ethics,van,NULL,NULL,285776,95258.6667,NULL,95258.6667,NULL,5119,1706.3333,NULL,0,3,3,0,0
288,"Student Housing",van,NULL,NULL,276953,92317.6667,75634.0000,126024.0000,75295.0000,6870,2290.0000,NULL,0,3,1,1,1
350,"Office of Planning & Institutional Research",van,NULL,NULL,272281,90760.3333,NULL,76488.0000,97896.5000,20930,6976.6667,1.0000,1,3,1,0,2
171,"Building Management System",van,NULL,NULL,269423,89807.6667,89807.6667,NULL,NULL,6336,2112.0000,NULL,0,3,0,3,0
315,"University Community Services",van,NULL,NULL,267806,133903.0000,NULL,133903.0000,NULL,11792,5896.0000,NULL,0,2,2,0,0
261,Gardener,van,NULL,NULL,264807,88269.0000,88269.0000,NULL,NULL,3800,1266.6667,NULL,0,3,0,3,0
257,"Xwi7Xwa Library",van,NULL,NULL,263476,87825.3333,NULL,87825.3333,NULL,8884,2961.3333,NULL,0,3,3,0,0
363,"Equity Office",van,NULL,NULL,261729,87243.0000,93333.0000,79945.0000,88451.0000,668,222.6667,NULL,0,3,1,1,1
396,"St. John's College",van,NULL,NULL,258268,129134.0000,169622.0000,88646.0000,NULL,8168,4084.0000,5.0000,1,2,1,1,0
361,"ICORD (International Collaboration On Repair Discoveries)",van,NULL,NULL,256561,85520.3333,96078.0000,84313.0000,76170.0000,1974,658.0000,NULL,0,3,1,1,1
214,"Student Housing & Hospitality Services",van,NULL,NULL,255940,85313.3333,89005.5000,77929.0000,NULL,12949,4316.3333,NULL,0,3,1,2,0
325,Finance,oka,NULL,NULL,253298,84432.6667,90811.0000,81243.5000,NULL,7749,2583.0000,NULL,0,3,2,1,0
268,"Fire Life Safety",van,NULL,NULL,252619,84206.3333,84206.3333,NULL,NULL,403,134.3333,NULL,0,3,0,3,0
324,"Shift Engineer",van,NULL,NULL,246278,82092.6667,82092.6667,NULL,NULL,509,169.6667,NULL,0,3,0,3,0
229,"Associate VP Alumni Affairs",van,NULL,NULL,245522,122761.0000,99379.0000,NULL,146143.0000,32251,16125.5000,NULL,0,2,0,1,1
353,"Financial Reporting",van,NULL,NULL,245371,81790.3333,NULL,80893.0000,83585.0000,4749,1583.0000,NULL,0,3,2,0,1
166,"Support Program to Advance Research",van,NULL,NULL,245184,245184.0000,245184.0000,NULL,NULL,4059,4059.0000,NULL,0,1,0,1,0
389,"Payment And Procurement Services",van,NULL,NULL,245129,122564.5000,167291.0000,77838.0000,NULL,10333,5166.5000,NULL,0,2,1,1,0
319,"Chan Centre For Performing Arts",van,NULL,NULL,234558,117279.0000,NULL,117279.0000,117279.0000,18813,9406.5000,NULL,0,2,1,0,1
192,"Digital Media Technology",van,NULL,NULL,229546,114773.0000,124442.0000,NULL,105104.0000,8983,4491.5000,NULL,0,2,0,1,1
175,"Office Of The Comptroller",van,NULL,NULL,222015,222015.0000,222015.0000,NULL,NULL,9025,9025.0000,NULL,0,1,0,1,0
347,"Rehabilitation Medicine Division",van,NULL,NULL,221069,221069.0000,221069.0000,NULL,NULL,9858,9858.0000,NULL,0,1,0,1,0
160,"Vancouver Coastal Health Research Institute",van,NULL,NULL,220304,110152.0000,NULL,138403.0000,81901.0000,0,0.0000,NULL,0,2,1,0,1
130,"Go Global: International Learning Program",van,NULL,NULL,213067,106533.5000,NULL,106533.5000,NULL,12483,6241.5000,NULL,0,2,2,0,0
338,"Athletics & Recreation",oka,NULL,NULL,210584,105292.0000,105292.0000,NULL,NULL,26553,13276.5000,NULL,0,2,0,2,0
221,"Science Co-Op",van,4,"Faculty of Science",204775,102387.5000,127365.0000,77410.0000,NULL,9894,4947.0000,5.0000,1,2,1,1,0
263,"Housing & Conferences",oka,NULL,NULL,201954,100977.0000,NULL,87991.0000,113963.0000,17824,8912.0000,NULL,0,2,1,0,1
213,"Human Resources & Payroll Systems",van,NULL,NULL,199670,99835.0000,NULL,99835.0000,NULL,0,0.0000,NULL,0,2,2,0,0
223,"Central Office",van,NULL,NULL,197139,98569.5000,NULL,82278.0000,114861.0000,0,0.0000,NULL,0,2,1,0,1
280,"Music, Art & Architecture",van,NULL,NULL,194409,97204.5000,NULL,97204.5000,NULL,3864,1932.0000,NULL,0,2,2,0,0
341,"Rare Books & Special Collections",van,NULL,NULL,193440,96720.0000,NULL,96720.0000,NULL,5078,2539.0000,NULL,0,2,2,0,0
374,"Infrastructure Development",van,NULL,NULL,193285,193285.0000,193285.0000,NULL,NULL,2799,2799.0000,NULL,0,1,0,1,0
244,"Refrigration Mechanics",van,NULL,NULL,191194,95597.0000,96186.0000,NULL,95008.0000,429,214.5000,NULL,0,2,0,1,1
96,"Arts Academic Advising",van,7,"Faculty of Arts",191078,95539.0000,NULL,95539.0000,NULL,6940,3470.0000,1.0000,1,2,2,0,0
190,"Centre For Disease Modeling",van,NULL,NULL,190232,95116.0000,NULL,95116.0000,NULL,1330,665.0000,NULL,0,2,2,0,0
307,"Graduate Studies - Dean's Office",oka,NULL,NULL,189698,189698.0000,NULL,189698.0000,NULL,10267,10267.0000,NULL,0,1,1,0,0
110,"Centre For Community Engaged Learning",van,NULL,NULL,189685,94842.5000,NULL,94842.5000,NULL,16970,8485.0000,NULL,0,2,2,0,0
410,"Applied Science - Dean's Office",oka,3,"Faculty of Applied Science",189615,189615.0000,189615.0000,NULL,NULL,5157,5157.0000,NULL,0,1,0,1,0
285,"VP Finance, Resources & Operations",van,NULL,NULL,189006,94503.0000,NULL,97742.0000,91264.0000,3634,1817.0000,NULL,0,2,1,0,1
349,"International Office",van,NULL,NULL,188199,94099.5000,106727.0000,81472.0000,NULL,7746,3873.0000,NULL,0,2,1,1,0
198,"C+CP Campus Program & Animation",van,NULL,NULL,187010,93505.0000,NULL,93505.0000,NULL,6811,3405.5000,NULL,0,2,2,0,0
330,"Co-Op Education Program",van,NULL,NULL,185843,92921.5000,NULL,92921.5000,NULL,14944,7472.0000,NULL,0,2,2,0,0
290,"Life Science Institute",van,NULL,NULL,185442,92721.0000,104225.0000,81217.0000,NULL,9573,4786.5000,NULL,0,2,1,1,0
237,"Sustainability Institute",oka,NULL,NULL,183959,183959.0000,183959.0000,NULL,NULL,11372,11372.0000,NULL,0,1,0,1,0
335,Bookstore,van,NULL,NULL,183468,91734.0000,NULL,91734.0000,NULL,10900,5450.0000,NULL,0,2,2,0,0
391,"Allergy And Immunology Unit",van,NULL,NULL,181238,181238.0000,NULL,NULL,181238.0000,0,0.0000,NULL,0,1,0,0,1
212,"Research Office",van,5,"Faculty of Medicine",180243,90121.5000,NULL,90121.5000,NULL,3773,1886.5000,NULL,0,2,2,0,0
146,"Facilities Management",oka,NULL,NULL,179209,89604.5000,89604.5000,NULL,NULL,9113,4556.5000,NULL,0,2,0,2,0
320,"Office of Campus Operations and Risk Management",oka,NULL,NULL,179142,89571.0000,77911.0000,101231.0000,NULL,4930,2465.0000,NULL,0,2,1,1,0
85,"Arts Co-Op",van,7,"Faculty of Arts",178961,89480.5000,NULL,89480.5000,NULL,8359,4179.5000,NULL,0,2,2,0,0
378,"Student Financial Services",van,NULL,NULL,178451,89225.5000,NULL,89225.5000,NULL,4028,2014.0000,NULL,0,2,2,0,0
267,"Institutional Programs",van,NULL,NULL,177581,88790.5000,88790.5000,NULL,NULL,3536,1768.0000,NULL,0,2,0,2,0
185,"Continuing Professional Development",van,5,"Faculty of Medicine",177329,88664.5000,NULL,100451.0000,76878.0000,5373,2686.5000,NULL,0,2,1,0,1
299,"Biomedical Research Centre",van,NULL,NULL,176351,88175.5000,88175.5000,NULL,NULL,0,0.0000,NULL,0,2,0,2,0
401,Electrical,van,NULL,NULL,176322,88161.0000,88161.0000,NULL,NULL,963,481.5000,NULL,0,2,0,2,0
379,"University Relations",oka,NULL,NULL,175891,87945.5000,95073.0000,80818.0000,NULL,2873,1436.5000,NULL,0,2,1,1,0
354,"Centre for Organizational Excellence",van,NULL,NULL,175832,87916.0000,NULL,87916.0000,NULL,342,171.0000,NULL,0,2,2,0,0
385,"Solutions & Integration",van,NULL,NULL,175134,87567.0000,87567.0000,NULL,NULL,0,0.0000,NULL,0,2,0,2,0
332,"UBC At Robson Square",van,NULL,NULL,174903,87451.5000,NULL,87451.5000,NULL,2297,1148.5000,NULL,0,2,2,0,0
200,"Revenue Accounting",van,NULL,NULL,173919,86959.5000,86959.5000,NULL,NULL,4421,2210.5000,NULL,0,2,0,2,0
327,"Pacific Institute For Math Sciences",van,NULL,NULL,172433,172433.0000,172433.0000,NULL,NULL,14139,14139.0000,NULL,0,1,0,1,0
72,Security,oka,NULL,NULL,172164,86082.0000,86082.0000,NULL,NULL,9682,4841.0000,NULL,0,2,0,2,0
76,"C+CP Consultation",van,NULL,NULL,170461,85230.5000,NULL,85230.5000,NULL,1288,644.0000,NULL,0,2,2,0,0
397,"International Student Development",van,NULL,NULL,170340,85170.0000,79479.0000,90861.0000,NULL,7141,3570.5000,NULL,0,2,1,1,0
393,"AVP Finance & Operations Office",oka,NULL,NULL,166823,166823.0000,166823.0000,NULL,NULL,9662,9662.0000,NULL,0,1,0,1,0
236,"AVP Students Office",oka,NULL,NULL,163838,163838.0000,163838.0000,NULL,NULL,27266,27266.0000,NULL,0,1,0,1,0
317,"Elevator Electrician",van,NULL,NULL,162796,81398.0000,81398.0000,NULL,NULL,440,220.0000,NULL,0,2,0,2,0
306,"Student Recruitment",van,NULL,NULL,160853,80426.5000,NULL,80426.5000,NULL,30660,15330.0000,NULL,0,2,2,0,0
270,"Mechanical Maintenance",van,NULL,NULL,159563,79781.5000,79781.5000,NULL,NULL,175,87.5000,NULL,0,2,0,2,0
365,"Audio Visual",van,NULL,NULL,158366,79183.0000,79183.0000,NULL,NULL,2714,1357.0000,NULL,0,2,0,2,0
386,"IT Transformation & Project Management Office",van,NULL,NULL,157365,157365.0000,157365.0000,NULL,NULL,2356,2356.0000,NULL,0,1,0,1,0
129,"Advanced Materials and Process Engineering Laboratory",van,NULL,NULL,156934,78467.0000,78467.0000,NULL,NULL,0,0.0000,NULL,0,2,0,2,0
140,"Djavad Mowafaghian Centre for Brain Health",van,NULL,NULL,154300,77150.0000,76941.0000,77359.0000,NULL,0,0.0000,NULL,0,2,1,1,0
194,"Centre for Interactive Research on Sustainability",van,NULL,NULL,147805,147805.0000,147805.0000,NULL,NULL,9158,9158.0000,NULL,0,1,0,1,0
275,"Dental Clinic",van,13,"Faculty of Dentistry",144330,144330.0000,NULL,144330.0000,NULL,2911,2911.0000,NULL,0,1,1,0,0
301,"Management Reporting & Budget",van,NULL,NULL,143884,143884.0000,143884.0000,NULL,NULL,1146,1146.0000,NULL,0,1,0,1,0
249,"Government Relations",van,NULL,NULL,140073,140073.0000,NULL,NULL,140073.0000,21780,21780.0000,NULL,0,1,0,0,1
405,"Academic Systems Management",van,NULL,NULL,133895,133895.0000,133895.0000,NULL,NULL,0,0.0000,NULL,0,1,0,1,0
371,"Math & Science Education",van,NULL,NULL,131839,131839.0000,NULL,131839.0000,NULL,3902,3902.0000,NULL,0,1,1,0,0
355,"Neurodevelopment Network",van,NULL,NULL,131037,131037.0000,NULL,131037.0000,NULL,5284,5284.0000,NULL,0,1,1,0,0
366,"Financial Reporting & Revenue Accounting",van,NULL,NULL,124500,124500.0000,124500.0000,NULL,NULL,458,458.0000,NULL,0,1,0,1,0
413,"Community Partnership",van,NULL,NULL,123821,123821.0000,NULL,123821.0000,NULL,19824,19824.0000,NULL,0,1,1,0,0
402,"Neuroscience, Mental Health & Addiction",van,5,"Faculty of Medicine",123204,123204.0000,NULL,123204.0000,NULL,36424,36424.0000,NULL,0,1,1,0,0
406,"Deputy Registrar",oka,NULL,NULL,117928,117928.0000,117928.0000,NULL,NULL,8646,8646.0000,NULL,0,1,0,1,0
231,"Ceremonies Office",van,NULL,NULL,115243,115243.0000,NULL,115243.0000,NULL,8325,8325.0000,5.0000,1,1,1,0,0
395,"Integrated Fac Fin Officers",van,NULL,NULL,115077,115077.0000,115077.0000,NULL,NULL,0,0.0000,NULL,0,1,0,1,0
376,"Research And Trust Accounting",van,NULL,NULL,113431,113431.0000,NULL,113431.0000,NULL,5195,5195.0000,NULL,0,1,1,0,0
308,"University-Industry Liaison Office",oka,NULL,NULL,113128,113128.0000,113128.0000,NULL,NULL,17306,17306.0000,NULL,0,1,0,1,0
382,"Faculty Pension Plan Board",van,NULL,NULL,106478,106478.0000,NULL,106478.0000,NULL,3553,3553.0000,NULL,0,1,1,0,0
403,Management,van,NULL,NULL,106035,106035.0000,106035.0000,NULL,NULL,0,0.0000,NULL,0,1,0,1,0
411,Payroll,van,NULL,NULL,105566,105566.0000,NULL,105566.0000,NULL,6804,6804.0000,NULL,0,1,1,0,0
369,"Creative Media",van,NULL,NULL,105103,105103.0000,105103.0000,NULL,NULL,5157,5157.0000,NULL,0,1,0,1,0
216,"Bio-Resource Engineering",van,3,"Faculty of Applied Science",105050,105050.0000,NULL,NULL,105050.0000,0,0.0000,NULL,0,1,0,0,1
48,"Communication Services",van,NULL,NULL,104694,104694.0000,NULL,104694.0000,NULL,3166,3166.0000,NULL,0,1,1,0,0
392,Finance,van,NULL,NULL,104345,104345.0000,NULL,104345.0000,NULL,2467,2467.0000,NULL,0,1,1,0,0
352,"UBC Learning Exchange",van,NULL,NULL,104140,104140.0000,NULL,104140.0000,NULL,385,385.0000,NULL,0,1,1,0,0
227,Data,van,NULL,NULL,102065,102065.0000,NULL,102065.0000,NULL,2941,2941.0000,NULL,0,1,1,0,0
271,"Pacific Educational Press",van,6,"Faculty of Education",100432,100432.0000,NULL,100432.0000,NULL,5424,5424.0000,NULL,0,1,1,0,0
408,"Health & Wellness",oka,NULL,NULL,99839,99839.0000,99839.0000,NULL,NULL,3754,3754.0000,NULL,0,1,0,1,0
254,"Agassiz Dairy Education Research Centre",van,12,"Faculty of Land and Food Systems",98248,98248.0000,98248.0000,NULL,NULL,1864,1864.0000,NULL,0,1,0,1,0
373,"Office of Planning and Institutional Research",oka,NULL,NULL,97613,97613.0000,NULL,97613.0000,NULL,7272,7272.0000,NULL,0,1,1,0,0
303,Finance,van,NULL,NULL,96818,96818.0000,NULL,96818.0000,NULL,2894,2894.0000,NULL,0,1,1,0,0
316,"Construction Ofc",van,NULL,NULL,94909,94909.0000,94909.0000,NULL,NULL,219,219.0000,NULL,0,1,0,1,0
328,"Music Library",van,NULL,NULL,94401,94401.0000,94401.0000,NULL,NULL,0,0.0000,NULL,0,1,0,1,0
293,"Strategic Sourcing",van,NULL,NULL,93378,93378.0000,93378.0000,NULL,NULL,160,160.0000,NULL,0,1,0,1,0
203,"Service Centre",van,NULL,NULL,92702,92702.0000,NULL,92702.0000,NULL,1289,1289.0000,5.0000,1,1,1,0,0
399,"Continuing Dental Education",van,13,"Faculty of Dentistry",92561,92561.0000,NULL,92561.0000,NULL,17059,17059.0000,NULL,0,1,1,0,0
302,"Southern Medical Program",oka,5,"Faculty of Medicine",92545,92545.0000,NULL,92545.0000,NULL,6426,6426.0000,NULL,0,1,1,0,0
384,"Medical Animal Facility",van,NULL,NULL,92374,92374.0000,92374.0000,NULL,NULL,0,0.0000,NULL,0,1,0,1,0
362,"Finance (Provost Finance)",van,NULL,NULL,92249,92249.0000,NULL,92249.0000,NULL,3081,3081.0000,NULL,0,1,1,0,0
180,"Humanities 101 Program",van,7,"Faculty of Arts",91937,91937.0000,NULL,91937.0000,NULL,14053,14053.0000,NULL,0,1,1,0,0
404,"David Lam Library ",van,NULL,NULL,91865,91865.0000,NULL,NULL,91865.0000,4622,4622.0000,NULL,0,1,0,0,1
387,"Global Resource Systems",van,12,"Faculty of Land and Food Systems",90805,90805.0000,NULL,90805.0000,NULL,8630,8630.0000,3.0000,1,1,1,0,0
168,"Centre for High-Throughput Biology",van,NULL,NULL,90364,90364.0000,90364.0000,NULL,NULL,0,0.0000,NULL,0,1,0,1,0
143,Sustainability,oka,NULL,NULL,89463,89463.0000,NULL,89463.0000,NULL,8185,8185.0000,NULL,0,1,1,0,0
321,Bookstore,oka,NULL,NULL,89394,89394.0000,NULL,NULL,89394.0000,2202,2202.0000,NULL,0,1,0,0,1
400,"IT Services",van,NULL,NULL,89314,89314.0000,NULL,NULL,89314.0000,3895,3895.0000,NULL,0,1,0,0,1
222,Communications,van,NULL,NULL,89274,89274.0000,89274.0000,NULL,NULL,0,0.0000,NULL,0,1,0,1,0
225,"Financial Systems",van,NULL,NULL,89040,89040.0000,NULL,89040.0000,NULL,5431,5431.0000,NULL,0,1,1,0,0
351,"eHealth Strategy Office",van,5,"Faculty of Medicine",87493,87493.0000,NULL,87493.0000,NULL,0,0.0000,NULL,0,1,1,0,0
367,"Wine Research Centre",van,12,"Faculty of Land and Food Systems",87464,87464.0000,NULL,NULL,87464.0000,0,0.0000,NULL,0,1,0,0,1
336,"Student Recruitment & Advising",oka,NULL,NULL,86927,86927.0000,NULL,86927.0000,NULL,15900,15900.0000,NULL,0,1,1,0,0
260,"Communications & Marketing",van,NULL,NULL,86899,86899.0000,86899.0000,NULL,NULL,335,335.0000,NULL,0,1,0,1,0
240,"College Of Health Disciplines",van,NULL,NULL,86622,86622.0000,NULL,NULL,86622.0000,3907,3907.0000,NULL,0,1,0,0,1
295,Water,van,NULL,NULL,85043,85043.0000,85043.0000,NULL,NULL,355,355.0000,NULL,0,1,0,1,0
337,"Child Family Health Initiative",van,5,"Faculty of Medicine",84848,84848.0000,84848.0000,NULL,NULL,0,0.0000,NULL,0,1,0,1,0
61,"Payments & Procurement",oka,NULL,NULL,84259,84259.0000,84259.0000,NULL,NULL,6940,6940.0000,NULL,0,1,0,1,0
412,"UBC MRI Research Centre",van,NULL,NULL,83328,83328.0000,83328.0000,NULL,NULL,0,0.0000,NULL,0,1,0,1,0
346,"Office of Research Services",oka,NULL,NULL,82699,82699.0000,NULL,82699.0000,NULL,6879,6879.0000,NULL,0,1,1,0,0
357,"Dean's Office",van,19,"Faculty of Pharmaceutical Sciences",82690,82690.0000,NULL,82690.0000,NULL,0,0.0000,NULL,0,1,1,0,0
310,"Rederivation Facility",van,NULL,NULL,82661,82661.0000,NULL,82661.0000,NULL,58,58.0000,NULL,0,1,1,0,0
370,"Modified Barrier Facility",van,NULL,NULL,82475,82475.0000,NULL,NULL,82475.0000,0,0.0000,NULL,0,1,0,0,1
309,"Centre For Comparative Medicine",van,NULL,NULL,82475,82475.0000,82475.0000,NULL,NULL,0,0.0000,NULL,0,1,0,1,0
170,"Procure To Pay Client Services",van,NULL,NULL,82473,82473.0000,NULL,82473.0000,NULL,160,160.0000,NULL,0,1,1,0,0
383,"Grad Programs & Research",van,NULL,NULL,82375,82375.0000,82375.0000,NULL,NULL,2460,2460.0000,NULL,0,1,0,1,0
60,"Medical Admissions",van,5,"Faculty of Medicine",81366,81366.0000,81366.0000,NULL,NULL,11788,11788.0000,NULL,0,1,0,1,0
44,"International Student Initiative",oka,NULL,NULL,80753,80753.0000,NULL,80753.0000,NULL,14913,14913.0000,NULL,0,1,1,0,0
398,"Circulation Division",van,NULL,NULL,80531,80531.0000,NULL,NULL,80531.0000,161,161.0000,NULL,0,1,0,0,1
394,"Enrolment Services",oka,NULL,NULL,78944,78944.0000,NULL,NULL,78944.0000,5568,5568.0000,NULL,0,1,0,0,1
372,"Health Services and Policy Research Centre",van,NULL,NULL,78298,78298.0000,NULL,78298.0000,NULL,11742,11742.0000,NULL,0,1,1,0,0
217,"Canadian Literature",van,7,"Faculty of Arts",77477,77477.0000,NULL,77477.0000,NULL,1230,1230.0000,NULL,0,1,1,0,0
151,"Community Service Learning Program",oka,NULL,NULL,76747,76747.0000,76747.0000,NULL,NULL,2877,2877.0000,NULL,0,1,0,1,0
381,"Beaty Biodiversity Museum",van,NULL,NULL,76147,76147.0000,NULL,76147.0000,NULL,484,484.0000,NULL,0,1,1,0,0
12,"Student Services & Financial Support",oka,NULL,NULL,75895,75895.0000,NULL,75895.0000,NULL,6630,6630.0000,NULL,0,1,1,0,0
375,"Risk Management Services",oka,NULL,NULL,75762,75762.0000,NULL,75762.0000,NULL,1226,1226.0000,NULL,0,1,1,0,0
409,"Sauder Desktop",van,NULL,NULL,75482,75482.0000,75482.0000,NULL,NULL,0,0.0000,NULL,0,1,0,1,0
407,"Waste Management",van,NULL,NULL,75381,75381.0000,75381.0000,NULL,NULL,122,122.0000,NULL,0,1,0,1,0
380,"Operations Centre Building Management System",van,NULL,NULL,75066,75066.0000,75066.0000,NULL,NULL,1612,1612.0000,NULL,0,1,0,1,0
